Workbook

Sheet CONFIG
A1: CONFIGURATION DE L'ÉCOLE
A2: Remplissez les cellules jaunes (colonne B). Tout le reste (liens, QR) se met à jour automatiquement.
A4: Nom de l'école | B4: École ABC
A5: Nom arabe de l'école | B5: مدرسة ABC
A6: Logo URL | B6: https://via.placeholder.com/150x150.png?text=LOGO
A7: Adresse | B7: Avenue Hassan II, Tanger
A8: Téléphone | B8: 0600-000000
A9: Année scolaire | B9: 2026-2027
A10: Date d'expiration | B10: Juin 2027
A11: URL du site GitHub | B11: https://rachidwahabi50-png.github.io/school-cards/
A12: Préfixe éventuel (optionnel)
A15: ⚠️ Important : l'URL du site GitHub (B11) NE DOIT PAS avoir de / en trop à la fin autre que celui déjà présent, et doit se terminer par un / (ex: .../school-cards/).

Sheet ELEVES
A1: ID | B1: Nom | C1: Prénom | D1: Classe | E1: Photo URL | F1: Page URL | G1: QR URL | H1: Statut | I1: Date de modification | J1: JSON (ne pas modifier)
A2: =IF(B2="","",CONFIG!$B$12&TEXT(ROW()-1,"000")) -> 001 | B2: Majdolin | C2: Kamila | D2: 3A | E2: https://i.pravatar.cc/300?img=47 | F2: =IF(A2="","",CONFIG!$B$11&"?id="&A2) -> https://rachidwahabi50-png.github.io/school-cards/?id=001 | G2: =IF(F2="","","https://api.qrserver.com/v1/create-qr-code/?size=500x500&data="&SUBSTITUTE(SUBSTITUTE(SUBSTITUTE(SUBSTITUTE(SUBSTITUTE(F2,":","%3A"),"/","%2F"),"?","%3F"),"=","%3D"),"&","%26")) -> https://api.qrserver.com/v1/create-qr-code/?size=500x500&data=https%3A%2F%2Frachidwahabi50-png.github.io%2Fschool-cards%2F%3Fid%3D001 | H2: Actif | J2: =IF(B2="","","{""id"":"""&A2&""",""nom"":"""&B2&""",""prenom"":"""&C2&""",""classe"":"""&D2&""",""photo"":"""&E2&"""}") -> {"id":"001","nom":"Majdolin","prenom":"Kamila","classe":"3A","photo":"https://i.pravatar.cc/300?img=47"}
A3: =IF(B3="","",CONFIG!$B$12&TEXT(ROW()-1,"000")) -> 002 | B3: Bennani | C3: Youssef | D3: 4B | E3: https://i.pravatar.cc/300?img=12 | F3: =IF(A3="","",CONFIG!$B$11&"?id="&A3) -> https://rachidwahabi50-png.github.io/school-cards/?id=002 | G3: =IF(F3="","","https://api.qrserver.com/v1/create-qr-code/?size=500x500&data="&SUBSTITUTE(SUBSTITUTE(SUBSTITUTE(SUBSTITUTE(SUBSTITUTE(F3,":","%3A"),"/","%2F"),"?","%3F"),"=","%3D"),"&","%26")) -> https://api.qrserver.com/v1/create-qr-code/?size=500x500&data=https%3A%2F%2Frachidwahabi50-png.github.io%2Fschool-cards%2F%3Fid%3D002 | H3: Actif | J3: =IF(B3="","","{""id"":"""&A3&""",""nom"":"""&B3&""",""prenom"":"""&C3&""",""classe"":"""&D3&""",""photo"":"""&E3&"""}") -> {"id":"002","nom":"Bennani","prenom":"Youssef","classe":"4B","photo":"https://i.pravatar.cc/300?img=12"}
A4: =IF(B4="","",CONFIG!$B$12&TEXT(ROW()-1,"000")) -> 003 | B4: Amrani | C4: Sara | D4: 2A | E4: https://i.pravatar.cc/300?img=32 | F4: =IF(A4="","",CONFIG!$B$11&"?id="&A4) -> https://rachidwahabi50-png.github.io/school-cards/?id=003 | G4: =IF(F4="","","https://api.qrserver.com/v1/create-qr-code/?size=500x500&data="&SUBSTITUTE(SUBSTITUTE(SUBSTITUTE(SUBSTITUTE(SUBSTITUTE(F4,":","%3A"),"/","%2F"),"?","%3F"),"=","%3D"),"&","%26")) -> https://api.qrserver.com/v1/create-qr-code/?size=500x500&data=https%3A%2F%2Frachidwahabi50-png.github.io%2Fschool-cards%2F%3Fid%3D003 | H4: Actif | J4: =IF(B4="","","{""id"":"""&A4&""",""nom"":"""&B4&""",""prenom"":"""&C4&""",""classe"":"""&D4&""",""photo"":"""&E4&"""}") -> {"id":"003","nom":"Amrani","prenom":"Sara","classe":"2A","photo":"https://i.pravatar.cc/300?img=32"}
A5: =IF(B5="","",CONFIG!$B$12&TEXT(ROW()-1,"000")) | F5: =IF(A5="","",CONFIG!$B$11&"?id="&A5) | G5: =IF(F5="","","https://api.qrserver.com/v1/create-qr-code/?size=500x500&data="&SUBSTITUTE(SUBSTITUTE(SUBSTITUTE(SUBSTITUTE(SUBSTITUTE(F5,":","%3A"),"/","%2F"),"?","%3F"),"=","%3D"),"&","%26")) | J5: =IF(B5="","","{""id"":"""&A5&""",""nom"":"""&B5&""",""prenom"":"""&C5&""",""classe"":"""&D5&""",""photo"":"""&E5&"""}")
A6: =IF(B6="","",CONFIG!$B$12&TEXT(ROW()-1,"000")) | F6: =IF(A6="","",CONFIG!$B$11&"?id="&A6) | G6: =IF(F6="","","https://api.qrserver.com/v1/create-qr-code/?size=500x500&data="&SUBSTITUTE(SUBSTITUTE(SUBSTITUTE(SUBSTITUTE(SUBSTITUTE(F6,":","%3A"),"/","%2F"),"?","%3F"),"=","%3D"),"&","%26")) | J6: =IF(B6="","","{""id"":"""&A6&""",""nom"":"""&B6&""",""prenom"":"""&C6&""",""classe"":"""&D6&""",""photo"":"""&E6&"""}")
A7: =IF(B7="","",CONFIG!$B$12&TEXT(ROW()-1,"000")) | F7: =IF(A7="","",CONFIG!$B$11&"?id="&A7) | G7: =IF(F7="","","https://api.qrserver.com/v1/create-qr-code/?size=500x500&data="&SUBSTITUTE(SUBSTITUTE(SUBSTITUTE(SUBSTITUTE(SUBSTITUTE(F7,":","%3A"),"/","%2F"),"?","%3F"),"=","%3D"),"&","%26")) | J7: =IF(B7="","","{""id"":"""&A7&""",""nom"":"""&B7&""",""prenom"":"""&C7&""",""classe"":"""&D7&""",""photo"":"""&E7&"""}")
A8: =IF(B8="","",CONFIG!$B$12&TEXT(ROW()-1,"000")) | F8: =IF(A8="","",CONFIG!$B$11&"?id="&A8) | G8: =IF(F8="","","https://api.qrserver.com/v1/create-qr-code/?size=500x500&data="&SUBSTITUTE(SUBSTITUTE(SUBSTITUTE(SUBSTITUTE(SUBSTITUTE(F8,":","%3A"),"/","%2F"),"?","%3F"),"=","%3D"),"&","%26")) | J8: =IF(B8="","","{""id"":"""&A8&""",""nom"":"""&B8&""",""prenom"":"""&C8&""",""classe"":"""&D8&""",""photo"":"""&E8&"""}")
A9: =IF(B9="","",CONFIG!$B$12&TEXT(ROW()-1,"000")) | F9: =IF(A9="","",CONFIG!$B$11&"?id="&A9) | G9: =IF(F9="","","https://api.qrserver.com/v1/create-qr-code/?size=500x500&data="&SUBSTITUTE(SUBSTITUTE(SUBSTITUTE(SUBSTITUTE(SUBSTITUTE(F9,":","%3A"),"/","%2F"),"?","%3F"),"=","%3D"),"&","%26")) | J9: =IF(B9="","","{""id"":"""&A9&""",""nom"":"""&B9&""",""prenom"":"""&C9&""",""classe"":"""&D9&""",""photo"":"""&E9&"""}")
A10: =IF(B10="","",CONFIG!$B$12&TEXT(ROW()-1,"000")) | F10: =IF(A10="","",CONFIG!$B$11&"?id="&A10) | G10: =IF(F10="","","https://api.qrserver.com/v1/create-qr-code/?size=500x500&data="&SUBSTITUTE(SUBSTITUTE(SUBSTITUTE(SUBSTITUTE(SUBSTITUTE(F10,":","%3A"),"/","%2F"),"?","%3F"),"=","%3D"),"&","%26")) | J10: =IF(B10="","","{""id"":"""&A10&""",""nom"":"""&B10&""",""prenom"":"""&C10&""",""classe"":"""&D10&""",""photo"":"""&E10&"""}")
A11: =IF(B11="","",CONFIG!$B$12&TEXT(ROW()-1,"000")) | F11: =IF(A11="","",CONFIG!$B$11&"?id="&A11) | G11: =IF(F11="","","https://api.qrserver.com/v1/create-qr-code/?size=500x500&data="&SUBSTITUTE(SUBSTITUTE(SUBSTITUTE(SUBSTITUTE(SUBSTITUTE(F11,":","%3A"),"/","%2F"),"?","%3F"),"=","%3D"),"&","%26")) | J11: =IF(B11="","","{""id"":"""&A11&""",""nom"":"""&B11&""",""prenom"":"""&C11&""",""classe"":"""&D11&""",""photo"":"""&E11&"""}")
A12: =IF(B12="","",CONFIG!$B$12&TEXT(ROW()-1,"000")) | F12: =IF(A12="","",CONFIG!$B$11&"?id="&A12) | G12: =IF(F12="","","https://api.qrserver.com/v1/create-qr-code/?size=500x500&data="&SUBSTITUTE(SUBSTITUTE(SUBSTITUTE(SUBSTITUTE(SUBSTITUTE(F12,":","%3A"),"/","%2F"),"?","%3F"),"=","%3D"),"&","%26")) | J12: =IF(B12="","","{""id"":"""&A12&""",""nom"":"""&B12&""",""prenom"":"""&C12&""",""classe"":"""&D12&""",""photo"":"""&E12&"""}")
A13: =IF(B13="","",CONFIG!$B$12&TEXT(ROW()-1,"000")) | F13: =IF(A13="","",CONFIG!$B$11&"?id="&A13) | G13: =IF(F13="","","https://api.qrserver.com/v1/create-qr-code/?size=500x500&data="&SUBSTITUTE(SUBSTITUTE(SUBSTITUTE(SUBSTITUTE(SUBSTITUTE(F13,":","%3A"),"/","%2F"),"?","%3F"),"=","%3D"),"&","%26")) | J13: =IF(B13="","","{""id"":"""&A13&""",""nom"":"""&B13&""",""prenom"":"""&C13&""",""classe"":"""&D13&""",""photo"":"""&E13&"""}")
A14: =IF(B14="","",CONFIG!$B$12&TEXT(ROW()-1,"000")) | F14: =IF(A14="","",CONFIG!$B$11&"?id="&A14) | G14: =IF(F14="","","https://api.qrserver.com/v1/create-qr-code/?size=500x500&data="&SUBSTITUTE(SUBSTITUTE(SUBSTITUTE(SUBSTITUTE(SUBSTITUTE(F14,":","%3A"),"/","%2F"),"?","%3F"),"=","%3D"),"&","%26")) | J14: =IF(B14="","","{""id"":"""&A14&""",""nom"":"""&B14&""",""prenom"":"""&C14&""",""classe"":"""&D14&""",""photo"":"""&E14&"""}")
A15: =IF(B15="","",CONFIG!$B$12&TEXT(ROW()-1,"000")) | F15: =IF(A15="","",CONFIG!$B$11&"?id="&A15) | G15: =IF(F15="","","https://api.qrserver.com/v1/create-qr-code/?size=500x500&data="&SUBSTITUTE(SUBSTITUTE(SUBSTITUTE(SUBSTITUTE(SUBSTITUTE(F15,":","%3A"),"/","%2F"),"?","%3F"),"=","%3D"),"&","%26")) | J15: =IF(B15="","","{""id"":"""&A15&""",""nom"":"""&B15&""",""prenom"":"""&C15&""",""classe"":"""&D15&""",""photo"":"""&E15&"""}")
A16: =IF(B16="","",CONFIG!$B$12&TEXT(ROW()-1,"000")) | F16: =IF(A16="","",CONFIG!$B$11&"?id="&A16) | G16: =IF(F16="","","https://api.qrserver.com/v1/create-qr-code/?size=500x500&data="&SUBSTITUTE(SUBSTITUTE(SUBSTITUTE(SUBSTITUTE(SUBSTITUTE(F16,":","%3A"),"/","%2F"),"?","%3F"),"=","%3D"),"&","%26")) | J16: =IF(B16="","","{""id"":"""&A16&""",""nom"":"""&B16&""",""prenom"":"""&C16&""",""classe"":"""&D16&""",""photo"":"""&E16&"""}")
... A201: =IF(B201="","",CONFIG!$B$12&TEXT(ROW()-1,"000")) | F201: =IF(A201="","",CONFIG!$B$11&"?id="&A201) | G201: =IF(F201="","","https://api.qrserver.com/v1/create-qr-code/?size=500x500&data="&SUBSTITUTE(SUBSTITUTE(SUBSTITUTE(SUBSTITUTE(SUBSTITUTE(F201,":","%3A"),"/","%2F"),"?","%3F"),"=","%3D"),"&","%26")) | J201: =IF(B201="","","{""id"":"""&A201&""",""nom"":"""&B201&""",""prenom"":"""&C201&""",""classe"":"""&D201&""",""photo"":"""&E201&"""}")
A204: Cellules jaunes = à remplir. Cellules grises = formules automatiques, protégées (ne pas modifier).

Sheet QR
A1: ID | B1: Nom | C1: Prénom | D1: Page URL | E1: QR URL (cliquer pour ouvrir/télécharger)
A2: =ELEVES!A2 -> 001 | B2: =ELEVES!B2 -> Majdolin | C2: =ELEVES!C2 -> Kamila | D2: =ELEVES!F2 -> https://rachidwahabi50-png.github.io/school-cards/?id=001 | E2: =IF(ELEVES!G2="","",HYPERLINK(ELEVES!G2,"Voir / Télécharger le QR")) -> Voir / Télécharger le QR
A3: =ELEVES!A3 -> 002 | B3: =ELEVES!B3 -> Bennani | C3: =ELEVES!C3 -> Youssef | D3: =ELEVES!F3 -> https://rachidwahabi50-png.github.io/school-cards/?id=002 | E3: =IF(ELEVES!G3="","",HYPERLINK(ELEVES!G3,"Voir / Télécharger le QR")) -> Voir / Télécharger le QR
A4: =ELEVES!A4 -> 003 | B4: =ELEVES!B4 -> Amrani | C4: =ELEVES!C4 -> Sara | D4: =ELEVES!F4 -> https://rachidwahabi50-png.github.io/school-cards/?id=003 | E4: =IF(ELEVES!G4="","",HYPERLINK(ELEVES!G4,"Voir / Télécharger le QR")) -> Voir / Télécharger le QR
A5: =ELEVES!A5 | B5: =ELEVES!B5 -> 0 | C5: =ELEVES!C5 -> 0 | D5: =ELEVES!F5 | E5: =IF(ELEVES!G5="","",HYPERLINK(ELEVES!G5,"Voir / Télécharger le QR"))
A6: =ELEVES!A6 | B6: =ELEVES!B6 -> 0 | C6: =ELEVES!C6 -> 0 | D6: =ELEVES!F6 | E6: =IF(ELEVES!G6="","",HYPERLINK(ELEVES!G6,"Voir / Télécharger le QR"))
A7: =ELEVES!A7 | B7: =ELEVES!B7 -> 0 | C7: =ELEVES!C7 -> 0 | D7: =ELEVES!F7 | E7: =IF(ELEVES!G7="","",HYPERLINK(ELEVES!G7,"Voir / Télécharger le QR"))
A8: =ELEVES!A8 | B8: =ELEVES!B8 -> 0 | C8: =ELEVES!C8 -> 0 | D8: =ELEVES!F8 | E8: =IF(ELEVES!G8="","",HYPERLINK(ELEVES!G8,"Voir / Télécharger le QR"))
A9: =ELEVES!A9 | B9: =ELEVES!B9 -> 0 | C9: =ELEVES!C9 -> 0 | D9: =ELEVES!F9 | E9: =IF(ELEVES!G9="","",HYPERLINK(ELEVES!G9,"Voir / Télécharger le QR"))
A10: =ELEVES!A10 | B10: =ELEVES!B10 -> 0 | C10: =ELEVES!C10 -> 0 | D10: =ELEVES!F10 | E10: =IF(ELEVES!G10="","",HYPERLINK(ELEVES!G10,"Voir / Télécharger le QR"))
A11: =ELEVES!A11 | B11: =ELEVES!B11 -> 0 | C11: =ELEVES!C11 -> 0 | D11: =ELEVES!F11 | E11: =IF(ELEVES!G11="","",HYPERLINK(ELEVES!G11,"Voir / Télécharger le QR"))
A12: =ELEVES!A12 | B12: =ELEVES!B12 -> 0 | C12: =ELEVES!C12 -> 0 | D12: =ELEVES!F12 | E12: =IF(ELEVES!G12="","",HYPERLINK(ELEVES!G12,"Voir / Télécharger le QR"))
A13: =ELEVES!A13 | B13: =ELEVES!B13 -> 0 | C13: =ELEVES!C13 -> 0 | D13: =ELEVES!F13 | E13: =IF(ELEVES!G13="","",HYPERLINK(ELEVES!G13,"Voir / Télécharger le QR"))
... A201: =ELEVES!A201 | B201: =ELEVES!B201 -> 0 | C201: =ELEVES!C201 -> 0 | D201: =ELEVES!F201 | E201: =IF(ELEVES!G201="","",HYPERLINK(ELEVES!G201,"Voir / Télécharger le QR"))
A204: Astuce : cette page se met à jour automatiquement depuis ELEVES. Cliquez sur un lien QR pour l'ouvrir dans le navigateur puis 'Enregistrer l'image sous...' si vous voulez l'imprimer directement depuis Excel.

Sheet IMPRESSION
A1: PRÉPARATION DE L'IMPRESSION DES CARTES
A3: 1) L'impression des cartes (avec photo + QR) se fait depuis le site (page print.html), pas depuis Excel :
A4: Excel ne peut pas imprimer une image récupérée par une URL de façon fiable.
A5: Le site sait le faire proprement : format carte 9.8 x 6.9 cm, 8 cartes par page A4.
A7: 2) Indiquez ci-dessous la liste des ID à imprimer (séparés par des virgules), ex: 001,002,003
A8: Laissez vide pour imprimer TOUS les élèves au statut Actif.
A10: Liste des ID à imprimer : | B10: 001,002,003
A12: Lien d'impression (à copier-coller dans le navigateur) : | B12: =IF(B10="",CONFIG!$B$11&"print.html?print=all",CONFIG!$B$11&"print.html?print="&SUBSTITUTE(B10," ","")) -> https://rachidwahabi50-png.github.io/school-cards/print.html?print=001,002,003
A14: Ouvrir directement : | B14: =IF(B12="","",HYPERLINK(B12,"Ouvrir la page d'impression")) -> Ouvrir la page d'impression

Sheet JSON_EXPORT
A1: EXPORT students.json
A2: 1) Cette cellule (A4) régénère automatiquement le JSON complet de tous les élèves remplis dans ELEVES.
A3: 2) Cliquez sur la cellule A4, copiez tout son contenu (Ctrl+C).
A4: 3) Ouvrez le Bloc-notes (Notepad), collez (Ctrl+V), puis Enregistrer sous... students.json (Type: Tous les fichiers).
A5: 4) Envoyez ce fichier students.json dans le dossier du projet GitHub (school-cards), à la racine.
A7: JSON généré automatiquement (copier cette cellule) :
A8: ="[" & _xlfn.TEXTJOIN(",",TRUE(),ELEVES!J2:J201) & "]" -> [{"id":"001","nom":"Majdolin","prenom":"Kamila","classe":"3A","photo":"https://i.pravatar.cc/300?img=47"},{"id":"002","nom":"Bennani","prenom":"Youssef","classe":"4B","photo":"https://i.pravatar.cc/300?img=12"},{"id":"003","nom":"Amrani","prenom":"Sara","classe":"2A","photo":"https://i.pravatar.cc/300?img=32"}]

Sheet README
A1: MODE D'EMPLOI — Système de cartes d'élèves
A4: Utilisation avec une nouvelle école :
A5: 1. | B5: Ouvrez l'onglet CONFIG, remplissez les informations de l'école (nom, logo, année, lien GitHub...).
A6: 2. | B6: Ouvrez l'onglet ELEVES, remplissez une ligne par élève : Nom, Prénom, Classe, Photo URL, Statut.
A7: 3. | B7: Le Page URL, le QR URL et le JSON se génèrent automatiquement, ligne par ligne.
A8: 4. | B8: Allez dans l'onglet JSON_EXPORT, copiez la cellule A8, collez-la dans un fichier students.json.
A9: 5. | B9: Envoyez students.json sur GitHub (voir explication plus bas).
A10: 6. | B10: Le QR de chaque élève est maintenant fonctionnel — imprimez via l'onglet IMPRESSION (lien vers le site).
A12: Ajouter 100 ou 500 élèves :
A13: - | B13: Remplissez simplement les lignes suivantes dans ELEVES (les formules sont déjà prêtes sur 200 lignes).
A14: - | B14: Pour aller au-delà de 200, sélectionnez la dernière ligne (colonnes A, F, G, J) et recopiez la formule vers le bas.
A16: Changer le nom de l'école :
A17: - | B17: Modifiez simplement CONFIG!B4 (et B5 pour le nom arabe). Tous les liens se mettent à jour seuls.
A19: Changer la photo d'un élève :
A20: - | B20: Remplacez la valeur dans la colonne 'Photo URL' de la ligne de l'élève, dans ELEVES. Le lien de sa carte ne change pas.
A22: Changer les informations d'un élève (nom, classe...) :
A23: - | B23: Modifiez directement les cellules Nom / Prénom / Classe / Statut sur sa ligne. Son ID et son QR restent identiques.
A24: - | B24: Régénérez ensuite students.json (onglet JSON_EXPORT) et renvoyez-le sur GitHub.
A26: Mettre à jour GitHub :
A27: - | B27: Solution simple (recommandée) : sur github.com, ouvrez le repo school-cards, cliquez sur students.json,
B28: bouton crayon (Edit), collez le nouveau contenu, puis 'Commit changes'. Le site se met à jour en 1-2 minutes.
A29: - | B29: Solution avancée : un GitHub Action peut être ajouté plus tard pour publier automatiquement, si besoin.
A31: Imprimer les cartes :
A32: - | B32: Onglet IMPRESSION : indiquez les ID à imprimer, ouvrez le lien généré (page print.html du site),
B33: puis Ctrl+P dans le navigateur. Format prévu : 9.8 x 6.9 cm, 8 cartes par page A4.

Sheet LISTES
A1: Classes (modifiable) | B1: Statut (modifiable)
A2: CP | B2: Actif
A3: CE1 | B3: Inactif
A4: CE2
A5: CM1
A6: CM2
A7: 6AEP
A8: 1AC
A9: 2AC
A10: 3AC
A11: TC
A12: 1BAC
A13: 2BAC
A14: 1A
A15: 2A
... A21: 5B
